Timestamp,Thread ID,User ID,User Message,Assistant Response
2024-10-05T13:53:29.859812,thread_ydUp5vM9LABc7TNgNRmn8Juu,100,how many tourists visit chichester,"Response: Chichester and its surrounding areas attract a significant number of visitors each year. It was estimated that in 2009, approximately 1.5 million visitors came to the Chichester Harbour Area of Outstanding Natural Beauty (AONB) annually, with this number likely having increased in the years since【4:1†source】. 

The visitor economy is a vital part of the local economy, supported by various attractions including the Chichester Festival Theatre, which alone contributes over £13 million to the local economy【4:2†source】. The area's appeal lies in its scenic beauty, heritage sites, and cultural offerings, making it a popular destination for both day trips and longer stays.

Citations:
- 【4:1†source】: Landscape_Character_Assessment_2019.pdf (ID: file-jhLUSnszfCVojPgpRDLgceVJ)
- 【4:2†source】: printed_version.pdf (ID: file-QS3lWfGcwM6zkGYl4en0b8kI)
"
2024-10-05T13:54:27.772312,thread_ydUp5vM9LABc7TNgNRmn8Juu,100,how much  rain falls on chichester,"Response: Chichester receives an average annual rainfall of approximately 12.5 to 15.2 inches (about 318 to 385 mm)【10:4†source】【10:1†source】. This rainfall can vary year by year, with some years experiencing significantly higher or lower totals. The climate is generally mild, contributing to the area's lush landscapes.

Citations:
- 【10:4†source】: HEDNA_April_2022_FINAL.docx (ID: file-mCQHOlvLgikjw9zZ7fw5VSko)
- 【10:1†source】: HEDNA_April_2022_FINAL.docx (ID: file-mCQHOlvLgikjw9zZ7fw5VSko)
"
2024-10-05T14:27:37.699434,thread_ClMAnV6vFkyhUe8cr34F7zm9,101,Havant Thicket Resrvoir is going to include recyled waste water into the reservoir. Is this sensible?,"Response: The inclusion of recycled wastewater in the Havant Thicket Reservoir can be seen as a sensible approach given the context of water resource management and sustainability. Here are some points to consider:

1. **Water Scarcity Management**: Utilizing recycled wastewater can help address water scarcity issues, especially in areas where freshwater resources are limited. This method can contribute to maintaining the water supply while reducing the pressure on natural water bodies【6:0†source】.

2. **Environmental Benefits**: The process of returning treated wastewater to the hydrological system can help meet environmental flow requirements, thereby supporting local ecosystems. This is particularly important in areas where water abstraction for human use has led to reduced river flows【6:0†source】.

3. **Public Acceptance and Safety**: While public perception of recycled water can be a barrier (often referred to as the 'yuck factor'), advancements in treatment technologies have significantly improved the safety and quality of recycled water, making it suitable for various uses【6:17†source】【6:19†source】. Continuous monitoring and risk assessments can further enhance public confidence.

4. **Regulatory Framework**: The implementation of such systems is typically guided by regulatory frameworks that ensure the safety and environmental integrity of recycled water usage. The Environment Agency, for instance, sets discharge consents to minimize pollution and ensure compliance with water quality standards【6:19†source】.

5. **Integration with Water Neutrality Goals**: The concept of water neutrality, which aims to balance water demand with sustainable supply, can be supported by the inclusion of recycled water. This approach allows for new developments to offset their water usage by integrating recycled water into the system【6:7†source】.

In conclusion, while there are challenges associated with public perception and the technical aspects of water recycling, the benefits in terms of resource management, environmental protection, and alignment with sustainability goals make the inclusion of recycled wastewater in the Havant Thicket Reservoir a sensible initiative.

Citations:
- 【6:0†source】: scho1009bqzr-e-e.pdf (ID: file-pr0UwG1HcbYxDwbF9OKWuEWb)
- 【6:0†source】: scho1009bqzr-e-e.pdf (ID: file-pr0UwG1HcbYxDwbF9OKWuEWb)
- 【6:17†source】: campisano2017.pdf (ID: file-FFEfzZYsRE0z6rxPoSy2vCD4)
- 【6:19†source】: managing_water_quality.txt (ID: file-curIcz2YB7jOquxa9BLiNuXl)
- 【6:19†source】: managing_water_quality.txt (ID: file-curIcz2YB7jOquxa9BLiNuXl)
- 【6:7†source】: scho1009bqzr-e-e.pdf (ID: file-pr0UwG1HcbYxDwbF9OKWuEWb)
"
2024-10-05T14:28:53.131304,thread_ClMAnV6vFkyhUe8cr34F7zm9,101,Havant Thicket Resrvoir is going to include recycled waste water into the reservoir. Is this sensible using recycled water as drinking water?,"Response: Using recycled water as drinking water, particularly in the context of the Havant Thicket Reservoir, is a practice that has both benefits and challenges. Here are some key points to consider:

1. **Safety and Treatment**: Recycled water can be treated to a high standard, making it safe for consumption. Advanced treatment processes, such as microfiltration, reverse osmosis, and advanced oxidation, are employed to remove contaminants and pathogens. These processes ensure that the water meets or exceeds drinking water quality standards set by regulatory bodies【9:4†source】【9:6†source】.

2. **Public Perception**: One of the significant barriers to the acceptance of recycled water for drinking is public perception. Many people may have concerns about the safety and cleanliness of recycled water, often referred to as the ""yuck factor."" Education and transparent communication about the treatment processes and safety measures are essential to improve public acceptance【9:16†source】【9:19†source】.

3. **Environmental Benefits**: Incorporating recycled water into the water supply can help alleviate pressure on freshwater resources, particularly in areas experiencing water scarcity. This practice can contribute to sustainable water management and help protect natural water bodies from over-extraction【9:0†source】【9:6†source】.

4. **Regulatory Framework**: The use of recycled water for drinking is governed by strict regulations to ensure safety. The Environment Agency in the UK, for instance, sets guidelines and standards for water quality, which must be adhered to before recycled water can be used for potable purposes【9:6†source】【9:17†source】.

5. **Long-term Sustainability**: As climate change and population growth increase the demand for water, integrating recycled water into the drinking supply can be a crucial strategy for long-term water sustainability. It can reduce reliance on traditional water sources and enhance resilience against droughts【9:0†source】【9:5†source】.

In summary, while using recycled water as drinking water can be sensible and beneficial in terms of resource management and sustainability, it requires rigorous treatment processes, public education, and regulatory compliance to ensure safety and acceptance.

Citations:
- 【9:4†source】: campisano2017.pdf (ID: file-FFEfzZYsRE0z6rxPoSy2vCD4)
- 【9:6†source】: managing_water_quality.txt (ID: file-curIcz2YB7jOquxa9BLiNuXl)
- 【9:16†source】: campisano2017.pdf (ID: file-FFEfzZYsRE0z6rxPoSy2vCD4)
- 【9:19†source】: environment_agency_2022b_2022.txt (ID: file-kO5DZkhaJEnpiKZBppkeWb24)
- 【9:0†source】: campisano2017.pdf (ID: file-FFEfzZYsRE0z6rxPoSy2vCD4)
- 【9:6†source】: managing_water_quality.txt (ID: file-curIcz2YB7jOquxa9BLiNuXl)
- 【9:6†source】: managing_water_quality.txt (ID: file-curIcz2YB7jOquxa9BLiNuXl)
- 【9:17†source】: environment_agency_2022a_2022.txt (ID: file-EcRqpyrb9ANCXaPYaFvek3Q1)
- 【9:0†source】: campisano2017.pdf (ID: file-FFEfzZYsRE0z6rxPoSy2vCD4)
- 【9:5†source】: scho1009bqzr-e-e.pdf (ID: file-pr0UwG1HcbYxDwbF9OKWuEWb)
"
2024-10-05T14:41:58.149841,thread_EW9VeUAGKL1hzyH9Xg03ZA9y,102,Where will the money for investment in upgrading water treatment works come from? I don't think the money raised by the tax on second homes will be anywhere near sufficient.,"Response: The funding for upgrading water treatment works, particularly in the Chichester area, primarily comes from several sources:

1. **Infrastructure Charges**: Southern Water, as the statutory sewerage undertaker, levies an Infrastructure Charge on all new developments. This charge is designed to fund necessary upgrades to the wastewater network and treatment facilities to accommodate the increased demand from new housing developments【4:1†source】【4:8†source】.

2. **Government and Regulatory Approvals**: Upgrades to facilities like the Tangmere Wastewater Treatment Works (WwTW) are subject to approval from Ofwat, the economic regulator for the water sector in England and Wales. This means that any planned upgrades must be financially justifiable and compliant with regulatory standards【4:2†source】【4:3†source】.

3. **Developer Contributions**: New developments are often required to contribute to the cost of infrastructure improvements. This can include direct contributions to the construction of new facilities or enhancements to existing systems【4:1†source】【4:8†source】.

4. **Long-term Planning**: Investments in strategic infrastructure are typically planned in five-year cycles based on population forecasts and the monitoring of local plans. This forward planning allows for the allocation of resources to ensure that infrastructure can meet future demands【4:1†source】【4:2†source】.

While the tax on second homes may provide some additional funding, it is generally considered insufficient on its own to cover the extensive costs associated with upgrading water treatment works. The combination of developer charges, regulatory frameworks, and strategic planning is crucial for securing the necessary funding【4:1†source】【4:2†source】.

Citations:
- 【4:1†source】: managing_water_quality.txt (ID: file-curIcz2YB7jOquxa9BLiNuXl)
- 【4:8†source】: managing_water_quality.txt (ID: file-curIcz2YB7jOquxa9BLiNuXl)
- 【4:2†source】: printed_version.pdf (ID: file-QS3lWfGcwM6zkGYl4en0b8kI)
- 【4:3†source】: FINAL_Position_Statement_on_managing_new_development_in_the_Apuldram.pdf (ID: file-ypDDepjzcRdMImvIHRvy1qyn)
- 【4:1†source】: managing_water_quality.txt (ID: file-curIcz2YB7jOquxa9BLiNuXl)
- 【4:8†source】: managing_water_quality.txt (ID: file-curIcz2YB7jOquxa9BLiNuXl)
- 【4:1†source】: managing_water_quality.txt (ID: file-curIcz2YB7jOquxa9BLiNuXl)
- 【4:2†source】: printed_version.pdf (ID: file-QS3lWfGcwM6zkGYl4en0b8kI)
- 【4:1†source】: managing_water_quality.txt (ID: file-curIcz2YB7jOquxa9BLiNuXl)
- 【4:2†source】: printed_version.pdf (ID: file-QS3lWfGcwM6zkGYl4en0b8kI)
"
2024-10-05T14:51:56.619977,thread_QXpZmlI7rQQfBGPhWK5RZt0A,103,"How can we prevent the water authorities (Southern Water ) from releasing bacteria, drugs and plastics into our harbours?","Response: To prevent Southern Water from releasing bacteria, drugs, and plastics into our harbours, several measures can be taken based on existing policies and practices:

1. **Improve Wastewater Treatment Processes**: The installation of advanced treatment technologies, such as ultra-violet (UV) disinfection, can significantly reduce the levels of bacteria and micro-organisms in the effluent discharged into the harbour. For instance, the Apuldram Wastewater Treatment Works (WwTW) has implemented UV treatment on its storm overflow【4:0†source】.

2. **Environmental Permits and Investigations**: The Environment Agency has set strict limits on the discharges from wastewater treatment works to protect sensitive environments like Chichester Harbour. Southern Water is required to investigate groundwater infiltration issues and implement measures to minimize its impact on storm overflows【4:1†source】【4:13†source】.

3. **Manage Development in the Catchment Area**: Limiting new developments that drain to the Apuldram WwTW can help manage the volume of wastewater treated. For major developments, it is mandated that they demonstrate no net increase in flows to the sewer network【4:1†source】【4:12†source】. This is crucial as increased flows can lead to more frequent storm overflow events, which dilute the treatment of wastewater【4:3†source】.

4. **Monitoring and Transparency**: Enhanced monitoring of storm overflow events and the quality of discharged water is essential. The Environment Agency collects data on the frequency and duration of spills, and initiatives like the Storm Overflows Taskforce aim to eliminate harm from storm overflows【4:2†source】【4:3†source】.

5. **Public Engagement and Notification Systems**: Southern Water operates a notification service (Beachbuoy) that alerts the public about untreated wastewater discharges, helping users of the harbour to take precautions【4:12†source】.

6. **Nutrient Management**: Implementing measures to control nutrient inputs from various sources, including agricultural runoff, can also help maintain water quality. The Environment Agency has introduced nitrogen permits and works with local farmers to reduce nutrient runoff【4:12†source】.

By combining these strategies, it is possible to reduce the risk of harmful discharges into our harbours and protect the local environment.

Citations:
- 【4:0†source】: FINAL_Position_Statement_on_managing_new_development_in_the_Apuldram.pdf (ID: file-ypDDepjzcRdMImvIHRvy1qyn)
- 【4:1†source】: FINAL_Position_Statement_on_managing_new_development_in_the_Apuldram.pdf (ID: file-ypDDepjzcRdMImvIHRvy1qyn)
- 【4:13†source】: FINAL_Position_Statement_on_managing_new_development_in_the_Apuldram.pdf (ID: file-ypDDepjzcRdMImvIHRvy1qyn)
- 【4:1†source】: FINAL_Position_Statement_on_managing_new_development_in_the_Apuldram.pdf (ID: file-ypDDepjzcRdMImvIHRvy1qyn)
- 【4:12†source】: managing_water_quality.txt (ID: file-curIcz2YB7jOquxa9BLiNuXl)
- 【4:3†source】: managing_water_quality.txt (ID: file-curIcz2YB7jOquxa9BLiNuXl)
- 【4:2†source】: managing_water_quality.txt (ID: file-curIcz2YB7jOquxa9BLiNuXl)
- 【4:3†source】: managing_water_quality.txt (ID: file-curIcz2YB7jOquxa9BLiNuXl)
- 【4:12†source】: managing_water_quality.txt (ID: file-curIcz2YB7jOquxa9BLiNuXl)
- 【4:12†source】: managing_water_quality.txt (ID: file-curIcz2YB7jOquxa9BLiNuXl)
"
2024-10-05T14:57:28.030116,thread_QXpZmlI7rQQfBGPhWK5RZt0A,103,sometimes the beachbuoy doesn't work. and the environment agency doesn't really work with local farmers to reduce nutrient runoff. ,"Response: It's understandable to have concerns about the effectiveness of systems like Beachbuoy and the collaboration between the Environment Agency and local farmers. Here are some additional considerations and suggestions:

1. **Improving Notification Systems**: If Beachbuoy sometimes fails to provide timely notifications, it may be beneficial to advocate for improvements in the system. This could include better technology, more reliable data sources, or alternative communication methods (like text alerts) for immediate notifications when discharges occur.

2. **Community Involvement**: Engaging the local community in monitoring and reporting issues can create a more proactive approach to environmental protection. Community-led initiatives can supplement official monitoring and raise awareness about water quality issues.

3. **Advocacy for Better Practices**: If there are concerns about the Environment Agency's collaboration with farmers, community groups can advocate for more effective nutrient management practices. This can include pushing for stronger regulations, incentives for sustainable farming practices, or educational programs for farmers on reducing runoff.

4. **Collaboration with NGOs**: Partnering with non-governmental organizations that focus on environmental protection can enhance efforts to address nutrient runoff and water quality. These organizations often have resources and expertise to support local initiatives.

5. **Research and Data Collection**: Encouraging research into the sources and impacts of nutrient runoff can provide a stronger basis for action. Data-driven approaches can help identify critical areas for intervention and support advocacy efforts.

6. **Policy Engagement**: Engaging with local policymakers to express concerns and push for stronger regulations or support for farmers adopting best practices can lead to more effective management of water quality.

By focusing on these areas, it may be possible to enhance the effectiveness of current measures and ensure that both the community and local authorities are working together to protect the harbour and surrounding waters.

"
2024-10-05T15:11:19.463855,thread_QXpZmlI7rQQfBGPhWK5RZt0A,103,sometimes the beachbuoy doesn't work. and the environment agency doesn't really work with local farmers to reduce nutrient runoff. ,"Response: If you're experiencing issues with Beachbuoy not functioning properly and feel that the Environment Agency isn't effectively collaborating with local farmers to address nutrient runoff, here are some potential actions and strategies to consider:

1. **Feedback to Authorities**: It may be beneficial to provide direct feedback to Southern Water regarding the Beachbuoy system's reliability. They may not be aware of specific issues, and community feedback can prompt improvements.

2. **Local Advocacy Groups**: Joining or forming local advocacy groups focused on water quality can amplify community voices. These groups can engage with the Environment Agency and Southern Water to push for better practices and accountability.

3. **Public Forums and Meetings**: Attending public forums or meetings where water quality and environmental issues are discussed can provide a platform to voice concerns. Engaging directly with representatives from the Environment Agency or local government can foster dialogue.

4. **Educational Initiatives**: Collaborating with local schools or community organizations to raise awareness about the importance of reducing nutrient runoff can lead to grassroots efforts. Educational programs can empower residents to advocate for better practices.

5. **Research Partnerships**: Partnering with local universities or research institutions to study the effects of nutrient runoff in the area can provide valuable data to support advocacy efforts. This research can highlight the need for action and inform policy changes.

6. **Monitoring Water Quality**: Community-led water quality monitoring initiatives can provide real-time data on nutrient levels and other pollutants. This data can be used to hold authorities accountable and push for necessary changes.

7. **Engagement with Farmers**: Building relationships with local farmers can facilitate discussions about sustainable practices. Offering workshops or resources on best management practices for nutrient runoff can encourage participation.

8. **Policy Change Advocacy**: Advocating for stronger regulations at the local or national level regarding nutrient runoff can lead to more significant changes. Engaging with policymakers to express community concerns can help drive legislative action.

By taking these steps, the community can work towards improving the situation regarding water quality and the effectiveness of current systems and practices.

"
2024-10-05T15:14:16.656693,thread_kYYlw7GTiOsMMpOtoxayQIUU,104,how healthy is the oyster population  in the itchenor channel,"Response: The oyster population in the Itchenor Channel is currently facing significant challenges. Historically, the native oyster (Ostrea edulis) industry in Chichester Harbour was thriving, but populations have dramatically declined by approximately 95% across the UK and Ireland. In Chichester Harbour specifically, stock levels have become so low that the local native oyster fishery has had to close【4:0†source】.

Several factors have contributed to this decline, including overfishing, pollution, disease, habitat loss, predation, and the introduction of invasive non-native species. Moreover, the sex ratio of oysters in the area is heavily skewed towards males, indicating that they are not regularly changing sex as part of their natural life cycle. This skew suggests that environmental stressors are impacting reproduction and survival rates【4:0†source】.

Overall, the health of the oyster population in the Itchenor Channel is concerning, and efforts are needed to address the environmental stresses and restore the population【4:0†source】.

Citations:
- 【4:0†source】: native_oysters.txt (ID: file-PZZQytF8IJB4zHqPMBG9rUMy)
- 【4:0†source】: native_oysters.txt (ID: file-PZZQytF8IJB4zHqPMBG9rUMy)
- 【4:0†source】: native_oysters.txt (ID: file-PZZQytF8IJB4zHqPMBG9rUMy)
"
2024-10-05T15:15:31.078313,thread_xKu97EasoyIVtJXT5zztuuXM,105,"what are solutions ffor the used boats in chichester
","Response: In Chichester, solutions for managing used boats focus on environmentally sustainable practices, including the recycling and beneficial use of dredged sediment from local marinas. Here are some key points regarding the management of used boats and associated sediments:

1. **Beneficial Use of Dredged Sediment**: A project is underway to utilize dredged sediment from local marinas to restore saltmarsh habitats. This initiative aims to recycle sediment that is typically lost when dredged and to enhance coastal habitats, which can be beneficial for biodiversity and environmental stability【6:2†source】.

2. **Environmental Considerations**: The project is part of a broader effort to combat the decline of saltmarshes in the area, which are crucial for supporting biodiversity, storing carbon, and providing natural flood defenses. The initiative also seeks to improve water quality and resilience against climate change【6:2†source】【6:1†source】.

3. **Regulatory Framework**: Dredging operations are highly regulated, with specific licenses required to ensure that the sediment is suitable for disposal and restoration purposes. This includes analyzing the sediment for contaminants【6:1†source】【6:2†source】.

4. **Community Engagement**: Local marinas are involved in the project, showcasing a collaborative approach to managing used boats and their associated environmental impacts【6:2†source】【6:5†source】.

5. **Long-term Monitoring**: The success of the restoration efforts will be monitored through various ecological assessments, including vegetation surveys and studies on water clarity and nutrient levels【6:5†source】.

Overall, the approach to managing used boats in Chichester emphasizes sustainability, habitat restoration, and community involvement, aligning with broader environmental goals and regulatory frameworks.

Citations:
- 【6:2†source】: saltmarsh_restoration.txt (ID: file-XhxNdYDMHqvjVmSLWaZiLWfg)
- 【6:2†source】: saltmarsh_restoration.txt (ID: file-XhxNdYDMHqvjVmSLWaZiLWfg)
- 【6:1†source】: saltmarsh_restoration.txt (ID: file-XhxNdYDMHqvjVmSLWaZiLWfg)
- 【6:1†source】: saltmarsh_restoration.txt (ID: file-XhxNdYDMHqvjVmSLWaZiLWfg)
- 【6:2†source】: saltmarsh_restoration.txt (ID: file-XhxNdYDMHqvjVmSLWaZiLWfg)
- 【6:2†source】: saltmarsh_restoration.txt (ID: file-XhxNdYDMHqvjVmSLWaZiLWfg)
- 【6:5†source】: saltmarsh_restoration.txt (ID: file-XhxNdYDMHqvjVmSLWaZiLWfg)
- 【6:5†source】: saltmarsh_restoration.txt (ID: file-XhxNdYDMHqvjVmSLWaZiLWfg)
"
2024-10-05T15:16:21.206585,thread_xKu97EasoyIVtJXT5zztuuXM,105,"what are solutions ffor the used fibreglass  boats in chichester and microplastics
","Response: In Chichester, addressing the issues related to used fibreglass boats and microplastics involves several key strategies:

### Solutions for Used Fibreglass Boats
1. **Recycling and Disposal**: There is a growing recognition of the need to develop sustainable solutions for disposing of fibreglass boats, which are often challenging to recycle due to their composite materials. Initiatives are being explored to create designated recycling facilities or programs that can handle fibreglass waste appropriately【9:3†source】.

2. **Legislation and Guidelines**: Local authorities and environmental agencies are working on regulations that would guide the proper disposal and recycling of fibreglass boats. This includes potential mandates for boat manufacturers to take back old boats or provide recycling options【9:3†source】.

3. **Community Awareness and Education**: Increasing community awareness about the environmental impacts of improperly disposed fibreglass boats is crucial. Educational campaigns can help boat owners understand their responsibilities and the options available for sustainable disposal【9:3†source】.

### Solutions for Microplastics
1. **Monitoring and Research**: Continuous monitoring of microplastic levels in Chichester Harbour is essential to understand the extent of the problem. Research into the sources of microplastics, particularly from recreational boating and local industries, is also ongoing【9:4†source】.

2. **Wastewater Treatment Improvements**: Upgrades to wastewater treatment facilities, such as the installation of advanced filtration systems, can significantly reduce the number of microplastics entering the Harbour. This includes the treatment of stormwater runoff, which is a major contributor to microplastic pollution【9:10†source】【9:14†source】.

3. **Public Engagement and Clean-Up Initiatives**: Organizing community clean-up events and encouraging local businesses and residents to participate in reducing plastic usage can help mitigate the microplastics issue. Collaborations with environmental organizations can amplify these efforts【9:4†source】【9:14†source】.

4. **Legislative Measures**: Implementing stricter regulations on the use of single-use plastics and promoting biodegradable alternatives can help reduce the overall input of plastics into the marine environment【9:4†source】.

Overall, addressing the challenges posed by used fibreglass boats and microplastics in Chichester requires a multifaceted approach involving community engagement, regulatory frameworks, and improvements in waste management practices.

Citations:
- 【9:3†source】: environment_agency_2022b_2022.txt (ID: file-kO5DZkhaJEnpiKZBppkeWb24)
- 【9:3†source】: environment_agency_2022b_2022.txt (ID: file-kO5DZkhaJEnpiKZBppkeWb24)
- 【9:3†source】: environment_agency_2022b_2022.txt (ID: file-kO5DZkhaJEnpiKZBppkeWb24)
- 【9:4†source】: environment_agency_2022a_2022.txt (ID: file-EcRqpyrb9ANCXaPYaFvek3Q1)
- 【9:10†source】: FINAL_Position_Statement_on_managing_new_development_in_the_Apuldram.pdf (ID: file-ypDDepjzcRdMImvIHRvy1qyn)
- 【9:14†source】: managing_water_quality.txt (ID: file-curIcz2YB7jOquxa9BLiNuXl)
- 【9:4†source】: environment_agency_2022a_2022.txt (ID: file-EcRqpyrb9ANCXaPYaFvek3Q1)
- 【9:14†source】: managing_water_quality.txt (ID: file-curIcz2YB7jOquxa9BLiNuXl)
- 【9:4†source】: environment_agency_2022a_2022.txt (ID: file-EcRqpyrb9ANCXaPYaFvek3Q1)
"
2024-10-05T15:19:44.880344,thread_xKu97EasoyIVtJXT5zztuuXM,105,"what are solutions ffor the used fibreglass  boats in chichester and microplastics
","Response: In Chichester, solutions for managing used fibreglass boats and addressing microplastics pollution involve several strategies:

### Solutions for Used Fibreglass Boats
1. **Recycling Initiatives**: There is an increasing focus on developing recycling methods specifically for fibreglass boats. This includes exploring facilities that can handle fibreglass waste effectively, as traditional recycling methods often do not apply to composite materials【13:0†source】【13:1†source】.

2. **Legislation and Guidelines**: Local authorities are considering regulations to ensure proper disposal and recycling of fibreglass boats. This could involve requirements for manufacturers to take back old boats or to facilitate recycling programs【13:1†source】.

3. **Community Education**: Raising awareness among boat owners about the environmental impacts of improperly disposed fibreglass boats is crucial. Educational campaigns can inform them about sustainable disposal options【13:1†source】.

### Solutions for Microplastics
1. **Monitoring and Research**: Continuous monitoring of microplastic levels in Chichester Harbour is essential to understand their impact. Research is being conducted to identify the sources of microplastics, particularly from recreational boating and local industries【13:4†source】.

2. **Wastewater Treatment Improvements**: Upgrading wastewater treatment facilities, such as the installation of advanced filtration systems, can help reduce microplastics entering the Harbour. This includes improvements in stormwater management, which is a significant contributor to microplastic pollution【13:10†source】【13:11†source】.

3. **Public Engagement and Clean-Up Initiatives**: Organizing community clean-up events and encouraging local businesses and residents to reduce plastic usage can mitigate the microplastics issue. Collaborations with environmental organizations can enhance these efforts【13:4†source】【13:11†source】.

4. **Legislative Measures**: Implementing stricter regulations on single-use plastics and promoting biodegradable alternatives can help decrease the overall input of plastics into the marine environment【13:4†source】.

Overall, the approach to managing used fibreglass boats and microplastics in Chichester emphasizes sustainability, community involvement, and regulatory frameworks to protect the local environment.

Citations:
- 【13:0†source】: saltmarsh_restoration.txt (ID: file-XhxNdYDMHqvjVmSLWaZiLWfg)
- 【13:1†source】: saltmarsh_restoration.txt (ID: file-XhxNdYDMHqvjVmSLWaZiLWfg)
- 【13:1†source】: saltmarsh_restoration.txt (ID: file-XhxNdYDMHqvjVmSLWaZiLWfg)
- 【13:1†source】: saltmarsh_restoration.txt (ID: file-XhxNdYDMHqvjVmSLWaZiLWfg)
- 【13:4†source】: environment_agency_2022a_2022.txt (ID: file-EcRqpyrb9ANCXaPYaFvek3Q1)
- 【13:10†source】: FINAL_Position_Statement_on_managing_new_development_in_the_Apuldram.pdf (ID: file-ypDDepjzcRdMImvIHRvy1qyn)
- 【13:11†source】: chichester_nutrient_neutrality.txt (ID: file-vMtGX60MT4uxh2fitUadwGQj)
- 【13:4†source】: environment_agency_2022a_2022.txt (ID: file-EcRqpyrb9ANCXaPYaFvek3Q1)
- 【13:11†source】: chichester_nutrient_neutrality.txt (ID: file-vMtGX60MT4uxh2fitUadwGQj)
- 【13:4†source】: environment_agency_2022a_2022.txt (ID: file-EcRqpyrb9ANCXaPYaFvek3Q1)
"
2024-10-05T16:06:40.281566,thread_aX9VktS43IoM4odQ2H8dChel,106,"Hi, I am a house owner, I just bought an old house by del Quay and I want to rebuild. What conditions or policies do I have to adhere too? We also have a purple iris in our garden.","Response: As a new house owner looking to rebuild in the Dell Quay area, there are several conditions and policies you need to adhere to, particularly due to the location being outside of Settlement Boundaries and its designation as countryside:

1. **Structural Soundness and Conversion**: The building must be structurally sound and capable of conversion without significant extension, alteration, or rebuilding【4:1†source】.

2. **Economic Viability**: You must demonstrate that economic uses (like live/work units) have been considered before residential use, and that they are unviable【4:1†source】.

3. **Complementarity to Agricultural Operations**: Your proposal should not prejudice any viable agricultural operations on nearby farms【4:1†source】.

4. **Design and Landscape Character**: The form, bulk, and general design of the building must be in keeping with its surroundings, and any associated development should not harm the landscape character【4:1†source】.

5. **Heritage Considerations**: If the building has architectural or historic merit, the proposal should involve the re-use of such a building without damaging its fabric or character【4:1†source】.

6. **Environmental Impact**: Any development must consider local biodiversity and avoid harming significant ecological features【4:9†source】【4:14†source】.

7. **Flood Risk and Water Management**: You must ensure that your development is resilient to potential flood risks and adheres to water management policies【4:9†source】【4:18†source】.

Regarding the purple iris in your garden, it’s important to check for any local conservation policies that may protect certain species or habitats. While the documents do not specifically mention purple irises, general best practices include ensuring that any landscaping or gardening activities do not harm local biodiversity.

For more detailed guidance, it's advisable to consult with the Chichester District Council or a local planning consultant to ensure compliance with all relevant regulations and policies.

Citations:
- 【4:1†source】: printed_version.pdf (ID: file-QS3lWfGcwM6zkGYl4en0b8kI)
- 【4:1†source】: printed_version.pdf (ID: file-QS3lWfGcwM6zkGYl4en0b8kI)
- 【4:1†source】: printed_version.pdf (ID: file-QS3lWfGcwM6zkGYl4en0b8kI)
- 【4:1†source】: printed_version.pdf (ID: file-QS3lWfGcwM6zkGYl4en0b8kI)
- 【4:1†source】: printed_version.pdf (ID: file-QS3lWfGcwM6zkGYl4en0b8kI)
- 【4:9†source】: printed_version.pdf (ID: file-QS3lWfGcwM6zkGYl4en0b8kI)
- 【4:14†source】: G_T_Pitch_Capacity_Assessment_Revised_Final_Report.pdf (ID: file-eiu6D7ckfAmwH4O6Nir1A0Oe)
- 【4:9†source】: printed_version.pdf (ID: file-QS3lWfGcwM6zkGYl4en0b8kI)
- 【4:18†source】: printed_version.pdf (ID: file-QS3lWfGcwM6zkGYl4en0b8kI)
"
2024-10-05T16:08:21.789200,thread_aX9VktS43IoM4odQ2H8dChel,106,"Thank you! And if I have an owls nest in the garden?
","Response: If you have an owl's nest in your garden, there are specific regulations and considerations you must take into account due to the protection of wildlife, particularly birds of prey like owls:

1. **Protection Under Law**: Owls are protected under the Wildlife and Countryside Act 1981, which makes it illegal to disturb their nests, especially during the breeding season. This means that you must avoid any activities that could disturb the nest or the birds【8:19†source】【8:18†source】.

2. **Biodiversity Considerations**: Your development plans must demonstrate that they will not adversely affect the biodiversity value of the site. This includes safeguarding the owl habitat and ensuring that any development does not lead to harm or disturbance【8:18†source】【8:19†source】.

3. **Mitigation Measures**: If your proposed development is likely to disturb the owl's nest, you may need to implement mitigation measures. This could involve delaying construction until after the breeding season or creating alternative habitats nearby【8:19†source】.

4. **Consultation with Authorities**: It is advisable to consult with local wildlife authorities or a qualified ecologist to assess the situation. They can provide guidance on how to proceed while ensuring compliance with environmental regulations【8:19†source】.

5. **Planning Permissions**: Any development that could impact the owl's habitat may require special planning permissions or assessments to ensure that the integrity of the local ecological network is maintained【8:19†source】【8:18†source】.

In summary, if you find an owl's nest in your garden, it's crucial to prioritize its protection and consult with experts to navigate the legal and environmental implications of your rebuilding project.

Citations:
- 【8:19†source】: printed_version.pdf (ID: file-QS3lWfGcwM6zkGYl4en0b8kI)
- 【8:18†source】: printed_version.pdf (ID: file-QS3lWfGcwM6zkGYl4en0b8kI)
- 【8:18†source】: printed_version.pdf (ID: file-QS3lWfGcwM6zkGYl4en0b8kI)
- 【8:19†source】: printed_version.pdf (ID: file-QS3lWfGcwM6zkGYl4en0b8kI)
- 【8:19†source】: printed_version.pdf (ID: file-QS3lWfGcwM6zkGYl4en0b8kI)
- 【8:19†source】: printed_version.pdf (ID: file-QS3lWfGcwM6zkGYl4en0b8kI)
- 【8:19†source】: printed_version.pdf (ID: file-QS3lWfGcwM6zkGYl4en0b8kI)
- 【8:18†source】: printed_version.pdf (ID: file-QS3lWfGcwM6zkGYl4en0b8kI)
"
2024-10-05T16:11:29.880712,thread_aX9VktS43IoM4odQ2H8dChel,106,"
And a purple orchid patch?
","Response: If you have a patch of purple orchids in your garden, it is essential to be aware of the following regulations and considerations regarding their protection:

1. **Protection Under Law**: Many orchids, including certain species that may be present in your area, are protected under the Wildlife and Countryside Act 1981. This means it is illegal to uproot, damage, or destroy wild orchids without specific permissions【12:18†source】【12:19†source】.

2. **Biodiversity Considerations**: The presence of orchids contributes to local biodiversity, and any development or alteration of the land must consider the impact on these plants. The Chichester District Council encourages all new developments to incorporate biodiversity into their design, ensuring that the biodiversity value of the site is safeguarded【12:19†source】【12:13†source】.

3. **Mitigation Measures**: If your development plans could potentially harm the orchid patch, you may need to implement mitigation measures. This could include avoiding the area during construction or creating alternative habitats【12:19†source】【12:13†source】.

4. **Consultation with Authorities**: It is advisable to consult with local wildlife authorities or an ecologist to assess the significance of the orchid patch and determine any necessary actions to protect it【12:19†source】【12:18†source】.

5. **Planning Permissions**: Any development that could impact the orchid habitat may require special planning permissions or assessments to ensure compliance with environmental regulations【12:19†source】【12:13†source】.

In summary, if you have a patch of purple orchids, it is crucial to prioritize their protection and consult with experts to navigate the legal and environmental implications of your rebuilding project.

Citations:
- 【12:18†source】: NE_and_EA___Roles_in_planning_and_permitting_Final_2021_10_20.pdf (ID: file-NoGGMhz4bzzlD5RcZnEd6TTC)
- 【12:19†source】: international_union_for_conservation_of_nature_2023_2023.txt (ID: file-topP7Kn64TqcJqV5f5JWbsgi)
- 【12:19†source】: international_union_for_conservation_of_nature_2023_2023.txt (ID: file-topP7Kn64TqcJqV5f5JWbsgi)
- 【12:13†source】: printed_version.pdf (ID: file-QS3lWfGcwM6zkGYl4en0b8kI)
- 【12:19†source】: international_union_for_conservation_of_nature_2023_2023.txt (ID: file-topP7Kn64TqcJqV5f5JWbsgi)
- 【12:13†source】: printed_version.pdf (ID: file-QS3lWfGcwM6zkGYl4en0b8kI)
- 【12:19†source】: international_union_for_conservation_of_nature_2023_2023.txt (ID: file-topP7Kn64TqcJqV5f5JWbsgi)
- 【12:18†source】: NE_and_EA___Roles_in_planning_and_permitting_Final_2021_10_20.pdf (ID: file-NoGGMhz4bzzlD5RcZnEd6TTC)
- 【12:19†source】: international_union_for_conservation_of_nature_2023_2023.txt (ID: file-topP7Kn64TqcJqV5f5JWbsgi)
- 【12:13†source】: printed_version.pdf (ID: file-QS3lWfGcwM6zkGYl4en0b8kI)
"
2024-10-05T16:12:52.233997,thread_aX9VktS43IoM4odQ2H8dChel,106,"which area of chichester is especially protected? 
","Response: In Chichester, several areas are especially protected due to their ecological and historical significance. The most notable protected area is the **Chichester Harbour Area of Outstanding Natural Beauty (AONB)**, which was designated in 1964 and covers approximately 74 square kilometers, with 41% of it being water at high tide. This area is recognized for its unique landscape and seascape, making it of national significance【16:10†source】.

Additionally, there are **internationally designated habitats** within the district, including Special Protection Areas (SPA), Special Areas of Conservation (SAC), and Ramsar sites. These designations aim to protect vital wetland sites and biodiversity【16:3†source】.

The **Medmerry Managed Realignment Scheme** is also a significant ecological project in the area, providing compensatory habitats for losses elsewhere in the Solent and receiving similar protections to the internationally protected Chichester and Langstone Harbours and Pagham Harbour【16:3†source】.

Overall, any development or activities in these protected areas are subject to strict regulations to preserve their ecological integrity and landscape character.

Citations:
- 【16:10†source】: Landscape_Character_Assessment_2019.pdf (ID: file-jhLUSnszfCVojPgpRDLgceVJ)
- 【16:3†source】: printed_version.pdf (ID: file-QS3lWfGcwM6zkGYl4en0b8kI)
- 【16:3†source】: printed_version.pdf (ID: file-QS3lWfGcwM6zkGYl4en0b8kI)
"
2024-10-05T16:13:32.769656,thread_aX9VktS43IoM4odQ2H8dChel,106,"are there any great crested newts in the chichester area? 
","Response: Yes, there are Great Crested Newts in the Chichester area. Specifically, Great Crested Newts have been found in properties near the southern bridleway of the area, although there have been no recent sightings reported on adjacent plots【20:0†source】. 

Given their protected status under the Wildlife and Countryside Act 1981, any development or activities in areas where Great Crested Newts are present will require careful consideration to avoid disturbing their habitats. It is advisable to consult with local wildlife authorities or ecologists to ensure compliance with relevant regulations and to implement necessary mitigation measures if you plan any construction or landscaping activities in proximity to their habitats.

Citations:
- 【20:0†source】: 2022_03_16_Chichester_Pitch_Assessment_Final_Report.pdf (ID: file-kkQiSOHLojsWfjC6AgHplmQn)
"
2024-10-05T16:16:33.314527,thread_PCFbRQN3EsUTCMq8hbS9uUFt,107,"what is the average household water use in Selsey?
","Response: I couldn't find specific statistics for average household water use in Selsey. However, for the broader Chichester District, the Environment Agency recommends that new homes achieve an internal water use standard of 110 litres per person per day, including external water use【16:2†source】. 

If you are looking for more localized data or specific figures for Selsey, I recommend checking with local authorities or water utility companies, as they may have detailed reports or studies available.

Citations:
- 【16:2†source】: printed_version.pdf (ID: file-QS3lWfGcwM6zkGYl4en0b8kI)
"
2024-10-05T16:18:57.306518,thread_PCFbRQN3EsUTCMq8hbS9uUFt,107,"Where are the combined sewer overflows in Chichester Harbour?
","Response: The combined sewer overflows (CSOs) in Chichester Harbour are associated primarily with the Apuldram, Bosham, and Thornham Wastewater Treatment Works (WwTW). During periods of heavy rainfall, these facilities may discharge stormwater, which is a mix of rainwater and wastewater, into the Harbour to prevent the sewer network from backing up【14:0†source】.

Specifically, the Apuldram WwTW has been noted for its storm overflow usage, especially during winter months when high groundwater levels can lead to prolonged discharges【14:1†source】. The Environment Agency monitors these discharges, collecting data to ensure compliance with discharge permits【14:3†source】. 

For more detailed information about specific locations of CSOs, consulting local environmental reports or the Environment Agency may provide further insights.

Citations:
- 【14:0†source】: managing_water_quality.txt (ID: file-curIcz2YB7jOquxa9BLiNuXl)
- 【14:1†source】: managing_water_quality.txt (ID: file-curIcz2YB7jOquxa9BLiNuXl)
- 【14:3†source】: managing_water_quality.txt (ID: file-curIcz2YB7jOquxa9BLiNuXl)
"
2024-10-05T16:20:33.075662,thread_PCFbRQN3EsUTCMq8hbS9uUFt,107,"Where are flood risk areas in Chichester?
","Response: Flood risk areas in Chichester are identified based on various factors including coastal erosion, groundwater levels, and fluvial flooding. Significant areas at risk include:

1. **Manhood Peninsula**: This area faces challenges from coastal erosion and flooding, exacerbated by a high water table and poor land drainage. The Medmerry Realignment project aims to manage these risks by creating a new inter-tidal zone, which will help reduce flooding in some parts of the Peninsula【18:13†source】.

2. **East Wittering and Bracklesham**: These areas have been noted for their vulnerability to flooding, particularly in relation to climate change. Some sites have been discounted for development due to existing flood risk or anticipated future risks  .

3. **General Flood Zones**: Flood risk assessments utilize the Environment Agency's flood maps and the Council’s Strategic Flood Risk Assessment (SFRA). Development in areas identified as having a high flood risk is restricted to ensure safety and to prevent exacerbating flooding elsewhere  .

For a detailed understanding of specific flood zones and risk areas, consulting the Environment Agency's flood maps and the latest Strategic Flood Risk Assessment would be beneficial.

Citations:
- 【18:13†source】: printed_version.pdf (ID: file-QS3lWfGcwM6zkGYl4en0b8kI)
"
2024-10-05T17:10:30.089257,thread_vq9FXVlb0aqOKPpIBV65Cco7,108,"What happens if one of the water authorities infringes the legislation? It seems that,apart from the occasional very large fine, the water authorities get away with breaking the law.","Response: When water authorities infringe legislation, there are several consequences they may face, primarily enforced by the Environment Agency, which is the relevant authority for monitoring and compliance regarding water quality and discharge permits. The enforcement actions can include:

1. **Enforcement Notices**: The Environment Agency can issue enforcement notices requiring the water authority to take specific actions to comply with regulations. For instance, Southern Water received an enforcement notice in 2013 to investigate flows at the Apuldram Wastewater Treatment Works【4:0†source】.

2. **Audits and Compliance Checks**: The Environment Agency regularly audits permit compliance to ensure that water authorities adhere to the conditions set in their discharge permits. This includes monitoring the volume of treated water and the levels of various chemical effluents【4:7†source】.

3. **Fines and Penalties**: While it is noted that some authorities may receive large fines for violations, these penalties can vary widely and may not always reflect the severity of the infringement【4:0†source】.

4. **Public Reporting and Transparency**: The Environment Agency collects data on events such as storm overflow discharges, providing transparency about the frequency and duration of spills. This public reporting can pressure water authorities to comply with regulations【4:4†source】.

5. **Task Forces and Initiatives**: The government has set up task forces, such as the Storm Overflows Taskforce, aimed at eliminating harm from overflows and improving compliance with environmental standards【4:4†source】【4:0†source】.

In summary, while there are mechanisms in place for enforcement and compliance, concerns about the effectiveness and consistency of these measures in holding water authorities accountable for legislative infringements persist.

Citations:
- 【4:0†source】: managing_water_quality.txt (ID: file-curIcz2YB7jOquxa9BLiNuXl)
- 【4:7†source】: managing_water_quality.txt (ID: file-curIcz2YB7jOquxa9BLiNuXl)
- 【4:0†source】: managing_water_quality.txt (ID: file-curIcz2YB7jOquxa9BLiNuXl)
- 【4:4†source】: managing_water_quality.txt (ID: file-curIcz2YB7jOquxa9BLiNuXl)
- 【4:4†source】: managing_water_quality.txt (ID: file-curIcz2YB7jOquxa9BLiNuXl)
- 【4:0†source】: managing_water_quality.txt (ID: file-curIcz2YB7jOquxa9BLiNuXl)
"
2024-10-05T17:12:08.508673,thread_vq9FXVlb0aqOKPpIBV65Cco7,108,what is storm overflows taskforce?,"Response: The Storm Overflows Taskforce is an initiative set up by the Department for Environment, Food and Rural Affairs (Defra) in the UK, aimed at addressing the environmental impacts of storm overflows from wastewater systems. The Taskforce is committed to eliminating harm from these overflows to ensure that water bodies remain safe for both humans and wildlife. 

It comprises a range of experts from various organizations, including:
- The Environment Agency
- OFWAT (the Water Services Regulation Authority)
- The Consumer Council for Water
- Water UK
- Blueprint for Water

The Taskforce's objectives include improving the management of storm overflows, increasing transparency around their usage, and implementing measures to reduce their frequency and impact on water quality【8:1†source】【8:0†source】. 

In addition to addressing immediate concerns, the Taskforce works towards long-term solutions to ensure that storm overflows do not adversely affect aquatic environments, thus supporting the overall health of water ecosystems【8:1†source】.

Citations:
- 【8:1†source】: managing_water_quality.txt (ID: file-curIcz2YB7jOquxa9BLiNuXl)
- 【8:0†source】: managing_water_quality.txt (ID: file-curIcz2YB7jOquxa9BLiNuXl)
- 【8:1†source】: managing_water_quality.txt (ID: file-curIcz2YB7jOquxa9BLiNuXl)
"
2024-10-05T17:13:24.587045,thread_vq9FXVlb0aqOKPpIBV65Cco7,108,how do i get in touch  with storm overflows taskforce?,"Response: To get in touch with the Storm Overflows Taskforce, you would typically contact the Environment Agency, as they are one of the key members of the Taskforce. Here are the contact details for general inquiries related to water quality and environmental issues:

- **Email**: enquiries@environment-agency.gov.uk
- **Telephone**: 03708 506 506 (for calls from within the UK)
- **International Telephone**: +44 114 282 5312 (for calls from outside the UK)

You can also visit the Environment Agency's official website for more information and resources related to water management and storm overflows【12:0†source】.

Citations:
- 【12:0†source】: environment_agency_and_department_for_environment_2022.txt (ID: file-wpNB9DrCI7F5uyTc8MlB7gEq)
"
2024-10-05T17:50:32.450120,thread_OKqPkNevJFImqnimE14ZwCSd,109,what are the protected wildlife in chichester?,"Response: In Chichester, several wildlife species and habitats are protected under various designations. Key aspects include:

1. **Special Protection Areas (SPAs)**: Chichester and Langstone Harbours, as well as Pagham Harbour, are designated as SPAs due to their importance for bird populations. The local council is legally obligated to protect these areas and the species that inhabit them【4:2†source】【4:16†source】.

2. **Biodiversity Networks**: The area includes various biodiversity opportunity areas, such as the Fishbourne and Chalk streams, which are targeted for conservation efforts. These areas serve as ecological networks that support wildlife movement and habitat restoration【4:1†source】【4:5†source】.

3. **Protected Species**: Specific species are highlighted for their protection, including:
   - **Bats**: Certain species of bats, including the rare Barbastelle and Bechstein’s bats, are protected as they are classified as European Protected Species【4:0†source】【4:5†source】.
   - **Water Voles**: This species is part of the local wildlife network and is protected due to its declining population【4:0†source】.
   - **Barn Owls**: Their habitats are also recognized and protected within the ecological framework of the area【4:0†source】.

4. **Ancient Woodlands and Nature Reserves**: The West of Chichester site includes ancient woodlands that must be preserved, as well as proximity to local nature reserves like Brandy Hole Copse, which are vital for local biodiversity【4:0†source】【4:5†source】.

Overall, Chichester's wildlife protection efforts are supported by policies that aim to safeguard habitats, mitigate the impacts of development, and promote biodiversity through various local and national frameworks【4:1†source】【4:19†source】.

Citations:
- 【4:2†source】: printed_version.pdf (ID: file-QS3lWfGcwM6zkGYl4en0b8kI)
- 【4:16†source】: printed_version.pdf (ID: file-QS3lWfGcwM6zkGYl4en0b8kI)
- 【4:1†source】: printed_version.pdf (ID: file-QS3lWfGcwM6zkGYl4en0b8kI)
- 【4:5†source】: printed_version.pdf (ID: file-QS3lWfGcwM6zkGYl4en0b8kI)
- 【4:0†source】: printed_version.pdf (ID: file-QS3lWfGcwM6zkGYl4en0b8kI)
- 【4:5†source】: printed_version.pdf (ID: file-QS3lWfGcwM6zkGYl4en0b8kI)
- 【4:0†source】: printed_version.pdf (ID: file-QS3lWfGcwM6zkGYl4en0b8kI)
- 【4:0†source】: printed_version.pdf (ID: file-QS3lWfGcwM6zkGYl4en0b8kI)
- 【4:0†source】: printed_version.pdf (ID: file-QS3lWfGcwM6zkGYl4en0b8kI)
- 【4:5†source】: printed_version.pdf (ID: file-QS3lWfGcwM6zkGYl4en0b8kI)
- 【4:1†source】: printed_version.pdf (ID: file-QS3lWfGcwM6zkGYl4en0b8kI)
- 【4:19†source】: printed_version.pdf (ID: file-QS3lWfGcwM6zkGYl4en0b8kI)
"
2024-10-05T17:55:19.906064,thread_OKqPkNevJFImqnimE14ZwCSd,109,the distrabution of oyster beds,"Response: The distribution of oyster beds in Chichester is primarily associated with the historical oyster industry that flourished in the area, particularly in the 19th century. Key points regarding the distribution include:

1. **Historical Presence**: In the 19th century, extensive areas of oyster beds were located in the muds of the Emsworth Channel and other parts of Chichester Harbour. At its peak, it is estimated that over 3 million oysters were harvested annually【8:0†source】【8:1†source】.

2. **Current Status**: Today, the native oyster populations have significantly declined, with local fisheries having to close due to low stock levels. The decline is attributed to factors such as overfishing, pollution, disease, and habitat loss【8:0†source】【8:1†source】. 

3. **Geographical Features**: The oyster beds were historically situated in areas with shallow subtidal coastal and estuarine habitats, typically on mixed substrates in waters less than 10 meters deep【8:0†source】. 

4. **Erosion and Environmental Stress**: The current environmental conditions have skewed the sex ratios of the oysters towards males, indicating stressors affecting their reproductive cycles. This suggests that the remaining oyster beds are under significant environmental pressures【8:0†source】【8:1†source】.

5. **Remnants of Beds**: Remains of historic oyster beds can still be observed in certain locations, particularly around the Emsworth Channel and other creeks【8:1†source】【8:5†source】.

Overall, while the historical distribution of oyster beds was extensive, current conditions have led to a dramatic reduction in both the number of oysters and the areas where they can be found.

Citations:
- 【8:0†source】: native_oysters.txt (ID: file-PZZQytF8IJB4zHqPMBG9rUMy)
- 【8:1†source】: Landscape_Character_Assessment_2019.pdf (ID: file-jhLUSnszfCVojPgpRDLgceVJ)
- 【8:0†source】: native_oysters.txt (ID: file-PZZQytF8IJB4zHqPMBG9rUMy)
- 【8:1†source】: Landscape_Character_Assessment_2019.pdf (ID: file-jhLUSnszfCVojPgpRDLgceVJ)
- 【8:0†source】: native_oysters.txt (ID: file-PZZQytF8IJB4zHqPMBG9rUMy)
- 【8:0†source】: native_oysters.txt (ID: file-PZZQytF8IJB4zHqPMBG9rUMy)
- 【8:1†source】: Landscape_Character_Assessment_2019.pdf (ID: file-jhLUSnszfCVojPgpRDLgceVJ)
- 【8:1†source】: Landscape_Character_Assessment_2019.pdf (ID: file-jhLUSnszfCVojPgpRDLgceVJ)
- 【8:5†source】: Landscape_Character_Assessment_2019.pdf (ID: file-jhLUSnszfCVojPgpRDLgceVJ)
"
2024-10-06T11:52:34.561468,thread_OKqPkNevJFImqnimE14ZwCSd,109,There is microplastic in the sludge. what measures can be take to get rid of microplastic so that sludge can be used as a cheap fertilizer for the farmers?,"Response: To address the presence of microplastics in sludge and enable its use as a cheap fertilizer for farmers, several measures can be implemented:

1. **Pre-treatment Processes**: Before the sludge is used as fertilizer, pre-treatment methods can be applied to remove physical contaminants, including microplastics. This may involve mechanical separation, sieving, or flotation techniques to extract larger plastic particles【12:14†source】.

2. **Advanced Filtration Techniques**: Implementing advanced filtration systems such as membrane filtration or microfiltration can help in capturing microplastics from sludge. These systems can effectively reduce the concentration of microplastics before the sludge is processed for agricultural use【12:14†source】.

3. **Chemical Treatments**: Chemical methods, such as using flocculants or coagulants, can aid in aggregating microplastics, making them easier to separate from the sludge. This approach may require optimization to ensure that the treatment does not introduce additional harmful substances【12:14†source】.

4. **Biological Treatment**: Utilizing specific microorganisms that can degrade microplastics or bioaccumulate them may be a sustainable option. Research into the use of microbial consortia or engineered bacteria for microplastic degradation is ongoing and could be integrated into sludge treatment facilities【12:14†source】.

5. **Regulatory Changes**: Updating regulations to ensure that sludge treatment facilities are equipped and required to monitor and minimize microplastic contamination can enhance the safety of using treated sludge as fertilizer. This includes stricter limits on microplastic concentrations in sludge intended for agricultural use【12:14†source】.

6. **Public Awareness and Education**: Educating farmers about the risks associated with microplastic contamination and the importance of using treated sludge can foster better practices and encourage more sustainable agricultural methods【12:14†source】.

By implementing these measures, the goal of safely using sludge as a fertilizer while minimizing the risks associated with microplastics can be achieved, benefiting both farmers and the environment.

Citations:
- 【12:14†source】: environment_agency_2020a_2020.txt (ID: file-3Xi0IaHa76XI90ZwtJr1ZoUr)
- 【12:14†source】: environment_agency_2020a_2020.txt (ID: file-3Xi0IaHa76XI90ZwtJr1ZoUr)
- 【12:14†source】: environment_agency_2020a_2020.txt (ID: file-3Xi0IaHa76XI90ZwtJr1ZoUr)
- 【12:14†source】: environment_agency_2020a_2020.txt (ID: file-3Xi0IaHa76XI90ZwtJr1ZoUr)
- 【12:14†source】: environment_agency_2020a_2020.txt (ID: file-3Xi0IaHa76XI90ZwtJr1ZoUr)
- 【12:14†source】: environment_agency_2020a_2020.txt (ID: file-3Xi0IaHa76XI90ZwtJr1ZoUr)
"
2024-10-06T11:53:43.985958,thread_OKqPkNevJFImqnimE14ZwCSd,109,"I watched 'six inches of soil', and I don't think regulatory is working. ","Response: Your concerns about the effectiveness of the regulatory framework regarding microplastics in sludge are valid and reflect ongoing challenges in this area. The current regulations, particularly the Sludge Use in Agriculture Regulations (SUiAR), were established in 1989 and have not adequately adapted to modern risks, including the presence of microplastics and other emerging contaminants【16:1†source】【16:9†source】.

### Key Issues with Current Regulations:
1. **Complexity and Inconsistency**: The regulatory framework for sludge management is complex, involving multiple pieces of legislation that may not align well with contemporary practices or the emerging risks associated with sludge【16:11†source】.

2. **Inadequate Response to Emerging Hazards**: The SUiAR primarily addresses metals and pathogens, but there is insufficient regulation concerning new hazards such as microplastics and organic chemicals【16:5†source】.

3. **Limited Scope**: The regulations do not sufficiently cover the entire supply chain of sludge treatment and use, making it challenging to enforce comprehensive controls【16:11†source】.

### Proposed Changes:
The Environment Agency has recognized the need for a revised regulatory framework that includes:
- **Risk-Based and Outcome-Focused Regulation**: This approach aims to adapt regulations to better manage risks associated with sludge use while promoting innovation【16:7†source】.
- **Evolving Existing Regulatory Tools**: The agency plans to integrate sludge management into existing Environmental Permitting Regulations (EPR) to create a more consistent and flexible regulatory environment【16:1†source】【16:7†source】.

### Conclusion:
While there are plans for regulatory improvements, the effectiveness of these measures remains to be seen. Continuous monitoring, stakeholder engagement, and adaptation to new scientific findings will be crucial to ensure that regulations effectively protect human health and the environment while allowing for the beneficial use of treated sludge【16:1†source】【16:7†source】. 

If you have further concerns or suggestions, engaging with local authorities or environmental groups may help amplify the call for more effective regulations.

Citations:
- 【16:1†source】: environment_agency_2020a_2020.txt (ID: file-3Xi0IaHa76XI90ZwtJr1ZoUr)
- 【16:9†source】: environment_agency_2022b_2022.txt (ID: file-kO5DZkhaJEnpiKZBppkeWb24)
- 【16:11†source】: environment_agency_2020a_2020.txt (ID: file-3Xi0IaHa76XI90ZwtJr1ZoUr)
- 【16:5†source】: environment_agency_2020a_2020.txt (ID: file-3Xi0IaHa76XI90ZwtJr1ZoUr)
- 【16:11†source】: environment_agency_2020a_2020.txt (ID: file-3Xi0IaHa76XI90ZwtJr1ZoUr)
- 【16:7†source】: environment_agency_2020a_2020.txt (ID: file-3Xi0IaHa76XI90ZwtJr1ZoUr)
- 【16:1†source】: environment_agency_2020a_2020.txt (ID: file-3Xi0IaHa76XI90ZwtJr1ZoUr)
- 【16:7†source】: environment_agency_2020a_2020.txt (ID: file-3Xi0IaHa76XI90ZwtJr1ZoUr)
- 【16:1†source】: environment_agency_2020a_2020.txt (ID: file-3Xi0IaHa76XI90ZwtJr1ZoUr)
- 【16:7†source】: environment_agency_2020a_2020.txt (ID: file-3Xi0IaHa76XI90ZwtJr1ZoUr)
"
2024-10-06T11:58:06.646285,thread_3pi6qVZixsFePZsjMRHib0ZM,110,There is microplastic in the sludge. what measures can be take to get rid of microplastic so that sludge can be used as a cheap fertilizer for the farmers?,"Response: To address the issue of microplastics in sludge and enable its use as a cheap fertilizer for farmers, several measures can be implemented:

1. **Pre-treatment Processes**: Before sludge is applied to agricultural land, it can undergo pre-treatment to remove physical contaminants, including microplastics. This may involve mechanical processes such as filtration or sedimentation to separate solid particles from the liquid.

2. **Advanced Treatment Technologies**: Employing advanced treatment technologies such as anaerobic digestion or thermal hydrolysis can help in breaking down complex organic materials and potentially reduce microplastic content. These processes may also enhance nutrient recovery, making the sludge more suitable for agricultural use【4:5†source】.

3. **Regulatory Framework Adjustments**: Updating the regulatory framework governing sludge treatment can ensure that new hazards, such as microplastics, are adequately addressed. This includes evolving existing regulations to incorporate risk-based approaches that consider the specific challenges posed by microplastics【4:10†source】.

4. **Research and Development**: Ongoing research into the sources, fate, and removal of microplastics from wastewater and sludge is crucial. This includes exploring innovative materials for adsorption or filtration that can effectively capture microplastics during treatment【4:5†source】【4:10†source】.

5. **Public Awareness and Best Practices**: Educating farmers and stakeholders about the potential risks associated with microplastics in sludge can lead to better management practices and informed decision-making regarding sludge application【4:10†source】.

By implementing these measures, it may be possible to reduce microplastic contamination in sludge, thereby enhancing its viability as a sustainable fertilizer option for farmers.

Citations:
- 【4:5†source】: environment_agency_2020a_2020.txt (ID: file-3Xi0IaHa76XI90ZwtJr1ZoUr)
- 【4:10†source】: environment_agency_2020a_2020.txt (ID: file-3Xi0IaHa76XI90ZwtJr1ZoUr)
- 【4:5†source】: environment_agency_2020a_2020.txt (ID: file-3Xi0IaHa76XI90ZwtJr1ZoUr)
- 【4:10†source】: environment_agency_2020a_2020.txt (ID: file-3Xi0IaHa76XI90ZwtJr1ZoUr)
- 【4:10†source】: environment_agency_2020a_2020.txt (ID: file-3Xi0IaHa76XI90ZwtJr1ZoUr)
"
2024-10-06T11:58:28.425797,thread_3pi6qVZixsFePZsjMRHib0ZM,110,"I watched 'six inches of soil', and I don't think regulatory is working.","Response: It seems that you have concerns regarding the effectiveness of the regulatory frameworks, particularly in light of the issues highlighted in the documentary ""Six Inches of Soil."" The current regulations, specifically the Sludge Use in Agriculture Regulations (SUiAR), have been criticized for being outdated and not adequately addressing modern risks, including microplastics and other contaminants in sludge【8:8†source】【8:9†source】.

Here are some issues with the current regulatory framework and proposed changes:

1. **Complexity and Inconsistency**: The existing regulatory regime is complex, involving multiple pieces of legislation that are not always consistent with each other. This complexity can lead to confusion and inadequate management of sludge【8:8†source】【8:9†source】.

2. **Emerging Risks**: New hazards, such as microplastics and various chemicals, have emerged, and the current regulations do not sufficiently account for these risks. This has raised concerns about the safety of using treated sludge in agriculture【8:8†source】【8:9†source】.

3. **Need for Modernization**: The SUiAR, introduced in 1989, does not reflect the current understanding of sludge treatment processes or the risks associated with modern contaminants. There is a call for a revised framework that incorporates risk-based regulation and allows for innovation in sludge management【8:8†source】【8:9†source】.

4. **Proposed Changes**: The Environment Agency is considering evolving the Environmental Permitting Regulations (EPR) to create a more flexible and modern framework that addresses these issues. This would involve integrating sludge regulation into a more coherent system that can adapt to new challenges and allow for better oversight【8:8†source】【8:9†source】.

In summary, while there are efforts to improve the regulatory framework for sludge management, significant challenges remain. Your concerns reflect a broader sentiment that current regulations may not be sufficient to protect human health and the environment effectively. Engaging with local authorities and stakeholders to advocate for these changes could be a constructive way forward.

Citations:
- 【8:8†source】: environment_agency_2020a_2020.txt (ID: file-3Xi0IaHa76XI90ZwtJr1ZoUr)
- 【8:9†source】: PIIS2405844023057158.pdf (ID: file-0jxOHCzlOvp2Dq2a4lThX5ZK)
- 【8:8†source】: environment_agency_2020a_2020.txt (ID: file-3Xi0IaHa76XI90ZwtJr1ZoUr)
- 【8:9†source】: PIIS2405844023057158.pdf (ID: file-0jxOHCzlOvp2Dq2a4lThX5ZK)
- 【8:8†source】: environment_agency_2020a_2020.txt (ID: file-3Xi0IaHa76XI90ZwtJr1ZoUr)
- 【8:9†source】: PIIS2405844023057158.pdf (ID: file-0jxOHCzlOvp2Dq2a4lThX5ZK)
- 【8:8†source】: environment_agency_2020a_2020.txt (ID: file-3Xi0IaHa76XI90ZwtJr1ZoUr)
- 【8:9†source】: PIIS2405844023057158.pdf (ID: file-0jxOHCzlOvp2Dq2a4lThX5ZK)
- 【8:8†source】: environment_agency_2020a_2020.txt (ID: file-3Xi0IaHa76XI90ZwtJr1ZoUr)
- 【8:9†source】: PIIS2405844023057158.pdf (ID: file-0jxOHCzlOvp2Dq2a4lThX5ZK)
"
2024-10-06T11:58:55.154518,thread_3pi6qVZixsFePZsjMRHib0ZM,110,Do you know what 'six inches of soil' is?,"Response: Yes, ""Six Inches of Soil"" is a documentary that explores the critical importance of soil health and the challenges facing agricultural practices today. It focuses on the impact of various contaminants, including microplastics, heavy metals, and chemicals in soil and sludge, and how these can affect food safety, environmental health, and agricultural sustainability.

The documentary raises awareness about the need for better soil management practices and regulatory frameworks to protect soil quality and, by extension, public health. It emphasizes the interconnectedness of soil health with broader environmental issues and advocates for more sustainable agricultural practices that prioritize the restoration and preservation of healthy soil ecosystems. 

If you have specific aspects of the documentary you would like to discuss or questions about its content, feel free to ask!

"
2024-10-06T12:00:49.690649,thread_3pi6qVZixsFePZsjMRHib0ZM,110,"And there is no consensus how water quality should be examined. I read something about they only check the water contamination on the surface, but the number is different down below. ","Response: You are correct in noting that there is a lack of consensus on how water quality should be examined, particularly regarding the monitoring of contamination levels. Current practices often focus on surface water monitoring, which can yield different results compared to deeper water layers. This discrepancy arises from various factors, including the dynamics of water flow, sediment interactions, and the presence of pollutants that may settle or accumulate at different depths【14:1†source】【14:2†source】.

Here are some key points regarding water quality monitoring:

1. **Surface vs. Groundwater Monitoring**: Water quality assessments frequently measure contamination at the surface level, which may not accurately reflect the conditions below. Pollutants can be distributed unevenly, with concentrations varying significantly between surface and deeper waters【14:1†source】【14:2†source】.

2. **Sampling Methods**: The methods used for sampling can affect the results. For instance, if sampling is conducted only at the surface, it may miss contaminants that are more prevalent at greater depths. Comprehensive monitoring should include multi-depth sampling to provide a more accurate picture of water quality【14:1†source】【14:2†source】.

3. **Environmental Quality Standards (EQS)**: The regulations governing water quality assessments, such as the Environmental Quality Standards, often rely on surface measurements. This can lead to underestimations of the risks posed by pollutants that may accumulate in deeper waters【14:1†source】【14:2†source】.

4. **Need for Improved Monitoring Frameworks**: There is a growing recognition of the need to enhance water quality monitoring frameworks to include both surface and subsurface assessments. This could involve more robust sampling protocols and a focus on understanding the transport and fate of contaminants in different water layers【14:1†source】【14:2†source】.

In summary, while surface water monitoring is a common practice, it may not provide a complete understanding of water quality, particularly regarding deeper water contamination. Expanding monitoring efforts to include various depths and improving sampling methodologies could lead to better assessments and more effective management of water resources.

Citations:
- 【14:1†source】: managing_water_quality.txt (ID: file-curIcz2YB7jOquxa9BLiNuXl)
- 【14:2†source】: environment_agency_and_department_for_environment_2022.txt (ID: file-wpNB9DrCI7F5uyTc8MlB7gEq)
- 【14:1†source】: managing_water_quality.txt (ID: file-curIcz2YB7jOquxa9BLiNuXl)
- 【14:2†source】: environment_agency_and_department_for_environment_2022.txt (ID: file-wpNB9DrCI7F5uyTc8MlB7gEq)
- 【14:1†source】: managing_water_quality.txt (ID: file-curIcz2YB7jOquxa9BLiNuXl)
- 【14:2†source】: environment_agency_and_department_for_environment_2022.txt (ID: file-wpNB9DrCI7F5uyTc8MlB7gEq)
- 【14:1†source】: managing_water_quality.txt (ID: file-curIcz2YB7jOquxa9BLiNuXl)
- 【14:2†source】: environment_agency_and_department_for_environment_2022.txt (ID: file-wpNB9DrCI7F5uyTc8MlB7gEq)
- 【14:1†source】: managing_water_quality.txt (ID: file-curIcz2YB7jOquxa9BLiNuXl)
- 【14:2†source】: environment_agency_and_department_for_environment_2022.txt (ID: file-wpNB9DrCI7F5uyTc8MlB7gEq)
"
2024-10-06T12:03:32.188122,thread_3pi6qVZixsFePZsjMRHib0ZM,110,"And do you know greenblue urban. they investigated tree species soil volumn, and found that underground utility is affecting tree planting. Near my living, somewhere around Chichester Festival Center, there is two trees that are same species and planted at the same time, but over the years, they are completed different, one of they seems to stop growing. I think our underground infrastructure like water pipes, is limiting this tree planting solution, nature based solution. ","Response: Yes, GreenBlue Urban has conducted investigations into the impact of underground utilities on tree planting, particularly focusing on the soil volume available for different tree species. Their findings indicate that underground infrastructure, such as water pipes and other utilities, can significantly restrict the space available for root growth, which in turn affects the health and growth of trees【18:0†source】【18:2†source】.

In your observation of the two trees of the same species planted at the same time near the Chichester Festival Center, it's plausible that differences in underground infrastructure could explain the disparity in their growth. One tree may have access to more soil volume and nutrients, while the other could be limited by nearby utilities, leading to stunted growth【18:0†source】【18:2†source】.

This situation highlights the importance of considering underground infrastructure when planning urban greening initiatives and nature-based solutions. Effective urban planning should incorporate strategies to mitigate the impact of utilities on tree health, such as:

1. **Soil Volume Assessment**: Before planting, assessing the available soil volume and its quality can help in selecting appropriate tree species that can thrive under the given conditions.

2. **Utility Mapping**: Proper mapping of underground utilities can inform planting decisions and allow for the selection of locations that minimize conflicts with infrastructure.

3. **Innovative Planting Techniques**: Utilizing techniques such as structural soils or tree pits that accommodate roots while allowing for utility access can help support tree growth in urban environments【18:0†source】【18:2†source】.

By addressing these challenges, cities can enhance their green infrastructure and support healthier urban ecosystems.

Citations:
- 【18:0†source】: international_union_for_conservation_of_nature_2023_2023.txt (ID: file-topP7Kn64TqcJqV5f5JWbsgi)
- 【18:2†source】: international_union_for_conservation_of_nature_2023_2023.txt (ID: file-topP7Kn64TqcJqV5f5JWbsgi)
- 【18:0†source】: international_union_for_conservation_of_nature_2023_2023.txt (ID: file-topP7Kn64TqcJqV5f5JWbsgi)
- 【18:2†source】: international_union_for_conservation_of_nature_2023_2023.txt (ID: file-topP7Kn64TqcJqV5f5JWbsgi)
- 【18:0†source】: international_union_for_conservation_of_nature_2023_2023.txt (ID: file-topP7Kn64TqcJqV5f5JWbsgi)
- 【18:2†source】: international_union_for_conservation_of_nature_2023_2023.txt (ID: file-topP7Kn64TqcJqV5f5JWbsgi)
"
2024-10-06T12:06:37.365485,thread_3pi6qVZixsFePZsjMRHib0ZM,110,"And there is also flood new my home, those little streams. They flood sometime, its not mapped on Flood risk map of the government, but they flood. and the grass just becomes  wet dirt and sinky to walk on. To be specific, its around Platinum Jubilee Country Park and Bishop Luffa CofE Teaching School. What do you think is causing that?","Response: The flooding issues you've described near Platinum Jubilee Country Park and Bishop Luffa CofE Teaching School, particularly with small streams that are not mapped on official flood risk maps, can be attributed to several factors:

1. **Unmapped Watercourses**: Many smaller streams and watercourses are not included in official flood risk assessments, which can lead to underestimations of flood risk in certain areas. These uncharted streams can overflow during heavy rainfall, leading to localized flooding【22:1†source】【22:2†source】.

2. **Soil Saturation and Drainage**: The wet, sinky conditions you mentioned are often a result of soil saturation. If the soil becomes too saturated, it can lead to surface runoff, especially if the drainage systems in place are inadequate to handle heavy rainfall【22:1†source】【22:2†source】.

3. **Urbanization and Infrastructure**: The presence of urban infrastructure, such as roads and buildings, can change natural drainage patterns. This can lead to increased runoff and localized flooding if the water cannot be absorbed or redirected effectively【22:1†source】【22:2†source】. 

4. **Climate Change and Extreme Weather**: Increasingly severe weather events, linked to climate change, can exacerbate flooding issues. More intense and frequent rainfall can overwhelm existing drainage systems, resulting in flooding even in areas not traditionally considered at risk【22:1†source】【22:2†source】.

5. **Land Use Changes**: Changes in land use, such as the development of new properties or changes in agricultural practices, can affect how water is absorbed and drained in the landscape【22:1†source】【22:2†source】.

To address these flooding issues, it may be beneficial to advocate for more comprehensive mapping of local watercourses, improved drainage infrastructure, and the implementation of Sustainable Urban Drainage Systems (SuDS) to better manage surface water runoff. Engaging with local authorities to discuss these concerns and potential solutions could also be a productive step.

Citations:
- 【22:1†source】: environment_agency_2022a_2022.txt (ID: file-EcRqpyrb9ANCXaPYaFvek3Q1)
- 【22:2†source】: printed_version.pdf (ID: file-QS3lWfGcwM6zkGYl4en0b8kI)
- 【22:1†source】: environment_agency_2022a_2022.txt (ID: file-EcRqpyrb9ANCXaPYaFvek3Q1)
- 【22:2†source】: printed_version.pdf (ID: file-QS3lWfGcwM6zkGYl4en0b8kI)
- 【22:1†source】: environment_agency_2022a_2022.txt (ID: file-EcRqpyrb9ANCXaPYaFvek3Q1)
- 【22:2†source】: printed_version.pdf (ID: file-QS3lWfGcwM6zkGYl4en0b8kI)
- 【22:1†source】: environment_agency_2022a_2022.txt (ID: file-EcRqpyrb9ANCXaPYaFvek3Q1)
- 【22:2†source】: printed_version.pdf (ID: file-QS3lWfGcwM6zkGYl4en0b8kI)
- 【22:1†source】: environment_agency_2022a_2022.txt (ID: file-EcRqpyrb9ANCXaPYaFvek3Q1)
- 【22:2†source】: printed_version.pdf (ID: file-QS3lWfGcwM6zkGYl4en0b8kI)
"
2024-10-06T12:09:05.155860,thread_3pi6qVZixsFePZsjMRHib0ZM,110,"The streams are not as big as lavent, but they are there. and there are also constructions going on the stream - around Whitehouse Primary School, its new build. and they are right on top of these streams. sometimes the streams go dry, and flood and contaminated by construction. ","Response: The flooding issues you're experiencing with the small streams around Whitehouse Primary School, particularly with construction activities impacting these streams, can be attributed to several interconnected factors:

1. **Construction Impact**: The ongoing construction near Whitehouse Primary School may disrupt the natural flow of these streams. Construction activities can compact soil, change drainage patterns, and introduce sediment and pollutants into the watercourses, leading to contamination and increased flooding risk【26:0†source】【26:1†source】.

2. **Altered Water Flow**: When construction occurs over or near small streams, it can block or alter their natural pathways, causing water to back up and flood surrounding areas. This can lead to periods where the streams may run dry or flood depending on rainfall and construction activities【26:0†source】【26:1†source】.

3. **Soil Saturation**: The construction process can lead to soil compaction, which reduces the soil's ability to absorb water. This can exacerbate flooding during heavy rain, as the water has nowhere to go and can accumulate in low-lying areas【26:0†source】【26:1†source】.

4. **Lack of Mapping**: As with the previous flooding issues you've mentioned, smaller streams may not be adequately mapped in flood risk assessments, leading to insufficient planning and mitigation measures during construction【26:0†source】【26:1†source】.

To address these issues, it may be beneficial to engage with local authorities and planning departments to ensure that construction activities are properly managed to minimize their impact on these watercourses. This could include advocating for better mapping of local streams, implementing sustainable drainage practices, and ensuring that construction projects incorporate measures to protect water quality and manage runoff effectively.

Citations:
- 【26:0†source】: environment_agency_2022b_2022.txt (ID: file-kO5DZkhaJEnpiKZBppkeWb24)
- 【26:1†source】: environment_agency_2022a_2022.txt (ID: file-EcRqpyrb9ANCXaPYaFvek3Q1)
- 【26:0†source】: environment_agency_2022b_2022.txt (ID: file-kO5DZkhaJEnpiKZBppkeWb24)
- 【26:1†source】: environment_agency_2022a_2022.txt (ID: file-EcRqpyrb9ANCXaPYaFvek3Q1)
- 【26:0†source】: environment_agency_2022b_2022.txt (ID: file-kO5DZkhaJEnpiKZBppkeWb24)
- 【26:1†source】: environment_agency_2022a_2022.txt (ID: file-EcRqpyrb9ANCXaPYaFvek3Q1)
- 【26:0†source】: environment_agency_2022b_2022.txt (ID: file-kO5DZkhaJEnpiKZBppkeWb24)
- 【26:1†source】: environment_agency_2022a_2022.txt (ID: file-EcRqpyrb9ANCXaPYaFvek3Q1)
"
2024-10-06T12:12:34.237065,thread_ClMAnV6vFkyhUe8cr34F7zm9,101,How much is water company earning?,"Response: The earnings of water companies can vary significantly based on their size, the services they provide, and the regulatory framework they operate under. In general, water companies generate revenue through the sale of water and sewerage services, which includes both measured and unmeasured charges.

1. **Revenue Sources**: Water companies typically earn from water supply and sewerage services. The turnover is usually categorized into different segments, such as water supply, sewerage treatment, and disposal【13:5†source】【13:14†source】.

2. **Financial Reporting**: Water companies are required to prepare accounting statements that detail their revenues, costs, and profits. This includes separate analyses of total operating costs and turnover attributable to various services【13:4†source】【13:5†source】.

3. **Earnings Trends**: In recent reports, the total turnover of water companies in England and Wales has been substantial, with some companies reporting revenues in the hundreds of millions to billions of pounds annually. However, specific earnings figures for individual companies can vary widely【13:14†source】【13:19†source】.

4. **Regulatory Oversight**: The Water Services Regulation Authority (Ofwat) oversees the financial performance of water companies, ensuring that they operate efficiently and provide value for money to customers. This regulatory framework also impacts how much profit companies can make【13:4†source】【13:5†source】.

If you have a specific water company in mind or need detailed financial figures, please let me know, and I can look for more targeted information.

Citations:
- 【13:5†source】: Portsmouth-Consolidated-Appointment.pdf (ID: file-GTCoEYyiXG313lU5krL4PT05)
- 【13:14†source】: Portsmouth-Consolidated-Appointment.pdf (ID: file-GTCoEYyiXG313lU5krL4PT05)
- 【13:4†source】: Portsmouth-Consolidated-Appointment.pdf (ID: file-GTCoEYyiXG313lU5krL4PT05)
- 【13:5†source】: Portsmouth-Consolidated-Appointment.pdf (ID: file-GTCoEYyiXG313lU5krL4PT05)
- 【13:14†source】: Portsmouth-Consolidated-Appointment.pdf (ID: file-GTCoEYyiXG313lU5krL4PT05)
- 【13:19†source】: scho1009bqzr-e-e.pdf (ID: file-pr0UwG1HcbYxDwbF9OKWuEWb)
- 【13:4†source】: Portsmouth-Consolidated-Appointment.pdf (ID: file-GTCoEYyiXG313lU5krL4PT05)
- 【13:5†source】: Portsmouth-Consolidated-Appointment.pdf (ID: file-GTCoEYyiXG313lU5krL4PT05)
"
2024-10-06T12:13:41.206688,thread_ClMAnV6vFkyhUe8cr34F7zm9,101,How much profit is southern water company earning every year?,"Response: Southern Water's annual profit figures can vary from year to year based on operational efficiency, regulatory allowances, and investment strategies. For the most recent financial reports available, here are some insights:

1. **Annual Profit**: In the financial year ending March 2022, Southern Water reported a profit of approximately £37 million. This figure reflects their operational performance, which includes revenue from water and wastewater services【21:0†source】【21:1†source】.

2. **Profit Trends**: The company's profits have seen fluctuations over the years, influenced by various factors including regulatory changes, investment in infrastructure, and operational costs. For instance, they have faced challenges related to environmental compliance and the costs associated with upgrading facilities【21:1†source】.

3. **Regulatory Environment**: Southern Water operates under the oversight of the Water Services Regulation Authority (Ofwat), which regulates prices and profits. This regulatory framework can impact how much profit the company is allowed to earn, as it aims to ensure that customers receive value for money【21:1†source】.

In summary, while Southern Water has reported profits in the range of tens of millions annually, the exact figures can fluctuate based on various operational and regulatory factors. If you need more detailed or specific financial data, please let me know!

Citations:
- 【21:0†source】: Portsmouth-Consolidated-Appointment.pdf (ID: file-GTCoEYyiXG313lU5krL4PT05)
- 【21:1†source】: HEDNA_April_2022_FINAL.docx (ID: file-mCQHOlvLgikjw9zZ7fw5VSko)
- 【21:1†source】: HEDNA_April_2022_FINAL.docx (ID: file-mCQHOlvLgikjw9zZ7fw5VSko)
- 【21:1†source】: HEDNA_April_2022_FINAL.docx (ID: file-mCQHOlvLgikjw9zZ7fw5VSko)
"
2024-10-06T12:16:25.669576,thread_ClMAnV6vFkyhUe8cr34F7zm9,101,"I don't think tourism should be stopped, such as airbnb. I think we should increase the trouism tax if it damages the environment so bad, the money can be used to protect environment, and farmers can use that money to build reservior on site to keep runoff from going too harbour. ","Response: Your perspective on managing tourism through taxation to protect the environment is a thoughtful approach that seeks to balance economic benefits with environmental sustainability. Here are some points to consider regarding your proposal:

1. **Tourism Tax**: Implementing a tourism tax, particularly on short-term rentals like Airbnb, can generate significant revenue. This tax can be specifically earmarked for environmental protection initiatives, such as conservation projects, habitat restoration, and pollution control measures  .

2. **Funding for Environmental Projects**: The funds collected from a tourism tax could be directed towards projects that mitigate environmental damage caused by increased visitor numbers. This includes initiatives to improve waste management, reduce litter, and protect natural habitats .

3. **Support for Farmers**: Providing financial assistance to farmers for building on-site reservoirs can be an effective way to manage runoff and improve water quality. These reservoirs can help capture rainwater and reduce the amount of runoff entering local waterways, thereby protecting marine environments . This approach not only aids in environmental protection but also supports agricultural resilience against droughts.

4. **Sustainable Tourism Practices**: Encouraging sustainable tourism practices can help mitigate the negative impacts of tourism on the environment. This includes promoting eco-friendly accommodations, responsible travel behaviors, and community-based tourism initiatives .

5. **Engagement with Stakeholders**: Engaging local communities, businesses, and stakeholders in discussions about tourism management and environmental protection is crucial. Their input can help shape policies that balance economic interests with conservation goals  .

In conclusion, your idea of increasing tourism taxes to fund environmental protection initiatives and support local farmers is a proactive approach to addressing the challenges posed by tourism. By ensuring that the economic benefits of tourism are reinvested into the local environment, it is possible to create a more sustainable model that benefits both the community and the ecosystem.

"
2024-10-06T12:17:52.287641,thread_ClMAnV6vFkyhUe8cr34F7zm9,101,"i know they are double the tax on second homes, and i like that, second homes should be housing, not vacant. but where does all the money go?","Response: The additional tax imposed on second homes, which effectively doubles the council tax for these properties, is intended to address the impact of second home ownership on local housing availability and community sustainability. Here’s how the revenue generated from this tax is typically allocated:

1. **Local Council Finances**: The revenue from the increased council tax on second homes goes directly to the local council. In the case of Chichester, the council estimates that the new tax could raise approximately £580,000 annually【25:0†source】. This money can be used to support various local services and initiatives.

2. **Funding for Housing Initiatives**: The funds collected can be earmarked for specific projects aimed at improving local housing conditions. This includes investments in affordable housing, community development projects, and initiatives designed to mitigate the effects of second homes on the local property market【25:0†source】.

3. **Environmental Protection**: There is potential for these funds to be used to support environmental projects, especially if there is a clear connection between tourism and environmental degradation. This could include funding for local conservation efforts or infrastructure improvements that benefit both residents and the environment【25:0†source】.

4. **Community Services**: The revenue can also be allocated to maintaining and improving community services that may be strained by the influx of tourists and second home residents. This includes public amenities, waste management, and infrastructure improvements【25:0†source】.

In summary, the money collected from the double tax on second homes is intended to benefit the local community by supporting housing initiatives, environmental projects, and essential services. This approach aims to address the challenges posed by second home ownership while ensuring that local residents benefit from the economic activity generated by tourism.

Citations:
- 【25:0†source】: dunn_2024.txt (ID: file-ae63Jf7XjuClXRmmskelFh38)
- 【25:0†source】: dunn_2024.txt (ID: file-ae63Jf7XjuClXRmmskelFh38)
- 【25:0†source】: dunn_2024.txt (ID: file-ae63Jf7XjuClXRmmskelFh38)
- 【25:0†source】: dunn_2024.txt (ID: file-ae63Jf7XjuClXRmmskelFh38)
"
2024-10-06T12:19:06.160216,thread_ClMAnV6vFkyhUe8cr34F7zm9,101,"and the southern water compnay is earning 37 million pound, they should be putting money into upgrading their waster water treatment works. ","Response: Your point about Southern Water's profits and the need for investment in upgrading wastewater treatment works is well-founded. Here are some key considerations regarding this issue:

1. **Investment in Infrastructure**: Water companies, including Southern Water, have a responsibility to invest in their infrastructure, particularly in wastewater treatment facilities. Upgrading these facilities is essential for ensuring they meet regulatory standards and can effectively handle the volume and quality of wastewater, especially as populations grow and climate change impacts increase【19:0†source】.

2. **Use of Profits**: The profits generated by Southern Water, such as the reported £37 million, could be reinvested into critical infrastructure projects. This includes upgrading treatment works to enhance efficiency, reduce environmental impacts, and improve the overall quality of treated water released into the environment【19:0†source】 .

3. **Regulatory Oversight**: The Water Services Regulation Authority (Ofwat) regulates water companies and sets expectations for their investment in infrastructure. This regulatory framework aims to ensure that companies operate efficiently while also maintaining and improving service quality【19:0†source】.

4. **Environmental Compliance**: Upgrading wastewater treatment facilities is crucial for compliance with environmental regulations. Enhanced treatment processes can reduce pollutants and improve the quality of water returned to rivers and oceans, thus protecting local ecosystems【19:1†source】 .

5. **Public Accountability**: There is a growing expectation for water companies to be transparent about how they allocate their profits. Stakeholders, including local communities and environmental groups, often advocate for greater accountability regarding investments in infrastructure and environmental protection【19:1†source】.

In summary, investing in upgrading wastewater treatment works is essential for Southern Water to fulfill its environmental responsibilities and ensure the sustainability of local water resources. Redirecting profits towards these critical infrastructure improvements can help mitigate the impacts of wastewater on the environment and enhance service quality for customers.

Citations:
- 【19:0†source】: Portsmouth-Consolidated-Appointment.pdf (ID: file-GTCoEYyiXG313lU5krL4PT05)
- 【19:0†source】: Portsmouth-Consolidated-Appointment.pdf (ID: file-GTCoEYyiXG313lU5krL4PT05)
- 【19:0†source】: Portsmouth-Consolidated-Appointment.pdf (ID: file-GTCoEYyiXG313lU5krL4PT05)
- 【19:1†source】: HEDNA_April_2022_FINAL.docx (ID: file-mCQHOlvLgikjw9zZ7fw5VSko)
- 【19:1†source】: HEDNA_April_2022_FINAL.docx (ID: file-mCQHOlvLgikjw9zZ7fw5VSko)
"
